年份,分数档,全市累计人数,市内六区累计人数
2023,776,4,4
2023,775,640,461
2023,774,770,552
2023,773,939,671
2023,772,1110,780
2023,771,1297,911
2023,770,1477,1039
2023,769,1705,1181
2023,768,1917,1317
2023,767,2136,1453
2023,766,2406,1630
2023,765,2682,1800
2023,764,2926,1936
2023,763,3250,2129
2023,762,3548,2317
2023,761,3854,2481
2023,760,4258,2712
2023,759,4608,2903
2023,758,4957,3122
2023,757,5350,3328
2023,756,5701,3522
2023,755,6100,3723
2023,754,6517,3944
2023,753,6954,4173
2023,752,7399,4411
2023,751,7828,4629
2023,750,8274,4854
2023,749,8763,5106
2023,748,9227,5345
2023,747,9682,5561
2023,746,10597,6017
2023,745,11049,6263
2023,744,11516,6503
2023,743,11982,6705
2023,742,12452,6929
2023,741,12958,7161
2023,740,13484,7403
2023,739,14016,7637
2023,738,14523,7858
2023,737,15065,8111
2023,736,15577,8369
2023,735,16143,8611
2023,734,16669,8834
2023,733,17217,9073
2023,732,17731,9299
2023,731,18276,9521
2023,730,18773,9730
2023,729,19347,9959
2023,728,19923,10205
2023,727,20482,10431
2023,726,21054,10644
2023,725,21638,10896
2023,724,22196,11116
2023,723,22720,11327
2023,722,23234,11533
2023,721,23809,11748
2023,720,24348,11937
2023,719,24885,12152
2023,718,25465,12378
2023,717,26048,12599
2023,716,26613,12804
2023,715,27138,13014
2023,714,27697,13227
2023,713,28220,13434
2023,712,28764,13631
2023,711,29286,13844
2023,710,29834,14030
2023,709,30363,14212
2023,708,30927,14424
2023,707,31490,14645
2023,706,32035,14828
2023,705,32591,15025
2023,704,33153,15239
2023,703,33668,15402
2023,702,34178,15568
2023,701,34730,15773
2023,700,35272,15962
2023,699,35751,16107
2023,698,36263,16297
2023,697,36794,16482
2023,696,37292,16623
2023,695,38265,16945
2023,694,38747,17102
2023,693,39263,17260
2023,692,39781,17443
2023,691,40263,17599
2023,690,40761,17761
2023,689,41222,17902
2023,688,41718,18077
2023,687,42165,18220
2023,686,42622,18366
2023,685,43080,18507
2023,684,43519,18645
2023,683,43949,18777
2023,682,44411,18914
2023,681,44860,19053
2023,680,45319,19201
2023,679,45730,19345
2023,678,46126,19472
2023,677,46527,19590
2023,676,46957,19723
2023,675,47360,19833
2023,674,47815,19959
2023,673,48276,20112
2023,672,48676,20226
2023,671,49084,20358
2023,670,49483,20454
2023,669,49888,20554
2023,668,50295,20686
2023,667,50702,20794
2023,666,51095,20892
2023,665,51497,21004
2023,664,51912,21125
2023,663,52287,21243
2023,662,52685,21358
2023,661,53066,21464
2023,660,53796,21676
2023,659,54161,21786
2023,658,54503,21876
2023,657,54858,21972
2023,656,55235,22073
2023,655,55612,22187
2023,654,55954,22269
2023,653,56299,22350
2023,652,56638,22446
2023,651,56986,22542
2023,650,57293,22622
2023,649,57615,22718
2023,648,58264,22897
2023,647,58584,23002
2023,646,58931,23105
2023,645,59253,23194
2023,644,59568,23282
2023,643,59892,23372
2023,642,60226,23456
2023,641,60509,23521
2023,640,60800,23595
2023,639,61148,23696
2023,638,61446,23778
2023,637,61765,23870
2023,636,62055,23932
2023,635,62358,23998
2023,634,62631,24076
2023,633,62939,24162
2023,632,63229,24231
2023,631,63509,24302
2023,630,63786,24380
2023,629,64102,24450
2023,628,64383,24513
2023,627,64687,24582
2023,626,64943,24638
2023,625,65237,24708
2023,624,65545,24790
2023,623,65795,24861
2023,622,66093,24925
2023,621,66379,24997
2023,620,66647,25070
2023,619,66895,25125
2023,618,67179,25200
2023,617,67427,25270
2023,616,67696,25330
2023,615,67972,25393
2023,614,68222,25442
2023,613,68501,25515
2023,612,68732,25570
2023,611,68969,25633
2023,610,69229,25705
2023,609,69499,25781
2023,608,69745,25836
2023,607,69995,25891
2023,606,70248,25948
2023,605,70505,26010
2023,604,70716,26058
2023,603,70956,26117
2023,602,71439,26223
2023,601,71688,26291
2023,600,71897,26342
2023,599,72131,26390
2023,598,72336,26447
2023,597,72587,26505
2023,596,72807,26553
2023,595,73044,26613
2023,594,73272,26667
2023,593,73504,26721
2023,592,73751,26776
2023,591,73970,26825
2023,590,74179,26867
2023,589,74394,26927
2023,588,74622,26976
2023,587,74838,27032
2023,586,75040,27080
2023,585,75268,27144
2023,584,75472,27192
2023,583,75670,27237
2023,582,75864,27284
2023,581,76054,27323
2023,580,76253,27370
2023,579,76450,27406
2023,578,76655,27446
2023,577,76842,27485
2023,576,77048,27536
2023,575,77246,27584
2023,574,77433,27625
2023,573,77632,27666
2023,572,77833,27716
2023,571,78014,27752
2023,570,78199,27798
2023,569,78380,27835
2023,568,78574,27879
2023,567,78754,27920
2023,566,78958,27959
2023,565,79120,28003
2023,564,79291,28045
2023,563,79454,28083
2023,562,79630,28120
2023,561,79819,28170
2023,560,80005,28213
2023,559,80169,28264
2023,558,80366,28304
2023,557,80553,28342
2023,556,80740,28382
2023,555,80903,28419
2023,554,81083,28451
2023,553,81250,28494
2023,552,81418,28533
2023,551,81592,28566
2023,550,81742,28600
2023,549,81915,28643
2023,548,82062,28673
2023,547,82224,28718
2023,546,82534,28797
2023,545,82697,28840
2023,544,82897,28883
2023,543,83064,28929
2023,542,83223,28968
2023,541,83396,29009
2023,540,83554,29043
2023,539,83732,29082
2023,538,83882,29121
2023,537,84033,29159
2023,536,84198,29202
2023,535,84348,29235
2023,534,84506,29270
2023,533,84634,29298
2023,532,84799,29337
2023,531,84945,29369
2023,530,85086,29400
2023,529,85229,29426
2023,528,85388,29459
2023,527,85564,29499
2023,526,85727,29531
2023,525,85873,29566
2023,524,86008,29590
2023,523,86159,29621
2023,522,86317,29658
2023,521,86458,29693
2023,520,86595,29719
2023,519,86728,29754
2023,518,86869,29790
2023,517,87006,29827
2023,516,87160,29864
2023,515,87435,29933
2023,514,87595,29956
2023,513,87753,29989
2023,512,87886,30027
2023,511,88045,30064
2023,510,88184,30086
2023,509,88343,30112
2023,508,88507,30147
2023,507,88639,30179
2024,780,311,233
2024,779,382,285
2024,778,499,374
2024,777,603,450
2024,776,740,553
2024,775,888,659
2024,774,1079,801
2024,773,1283,942
2024,772,1521,1117
2024,771,1789,1299
2024,770,2039,1467
2024,769,2320,1674
2024,768,2620,1872
2024,767,2965,2102
2024,766,3285,2301
2024,765,3638,2533
2024,764,4057,2800
2024,763,4481,3077
2024,762,4917,3348
2024,761,5391,3629
2024,760,5863,3927
2024,759,6341,4186
2024,758,6821,4455
2024,757,7296,4732
2024,756,7843,5036
2024,755,8354,5331
2024,754,8925,5638
2024,753,9492,5924
2024,752,10076,6242
2024,751,10674,6572
2024,750,11243,6871
2024,749,11869,7192
2024,748,12495,7531
2024,747,13112,7841
2024,746,13690,8113
2024,745,14277,8425
2024,744,14913,8690
2024,743,15612,9033
2024,742,16243,9321
2024,741,16884,9623
2024,740,17508,9897
2024,739,18130,10166
2024,738,18797,10442
2024,737,19454,10731
2024,736,20112,11004
2024,735,20718,11277
2024,734,21311,11530
2024,733,21907,11774
2024,732,22524,12038
2024,731,23166,12304
2024,730,23777,12569
2024,729,24373,12821
2024,728,24990,13106
2024,727,25607,13330
2024,726,26226,13583
2024,725,26838,13832
2024,724,27435,14075
2024,723,28029,14301
2024,722,28651,14527
2024,721,29220,14727
2024,720,29813,14962
2024,719,30390,15195
2024,718,30949,15411
2024,717,31549,15629
2024,716,32112,15868
2024,715,32701,16093
2024,714,33316,16309
2024,713,33872,16524
2024,712,34431,16739
2024,711,35016,16947
2024,710,35575,17156
2024,709,36143,17360
2024,708,36725,17579
2024,707,37271,17765
2024,706,37824,17967
2024,705,38389,18153
2024,704,38952,18356
2024,703,39501,18535
2024,702,40024,18705
2024,701,40547,18886
2024,700,41082,19079
2024,699,41570,19254
2024,698,42132,19460
2024,697,42668,19646
2024,696,43170,19814
2024,695,43659,19991
2024,694,44170,20160
2024,693,44664,20313
2024,692,45147,20471
2024,691,45639,20619
2024,690,46136,20785
2024,689,46625,20942
2024,688,47072,21104
2024,687,47566,21252
2024,686,48004,21388
2024,685,48490,21556
2024,684,48981,21719
2024,683,49447,21863
2024,682,49925,22027
2024,681,50386,22163
2024,680,50825,22301
2024,679,51272,22440
2024,678,51738,22602
2024,677,52177,22761
2024,676,52642,22917
2024,675,53082,23048
2024,674,53512,23185
2024,673,53958,23335
2024,672,54363,23445
2024,671,54816,23583
2024,670,55220,23716
2024,669,55659,23837
2024,668,56053,23949
2024,667,56512,24082
2024,666,56940,24205
2024,665,57336,24312
2024,664,57723,24428
2024,663,58143,24558
2024,662,58528,24669
2024,661,58919,24780
2024,660,59304,24895
2024,659,59682,24997
2024,658,60073,25109
2024,657,60443,25223
2024,656,60807,25316
2024,655,61165,25397
2024,654,61506,25499
2024,653,61878,25587
2024,652,62232,25680
2024,651,62609,25790
2024,650,62973,25892
2024,649,63351,25984
2024,648,63707,26096
2024,647,64076,26183
2024,646,64427,26273
2024,645,64801,26379
2024,644,65153,26475
2024,643,65508,26577
2024,642,65857,26678
2024,641,66223,26794
2024,640,66563,26886
2024,639,66897,26966
2024,638,67244,27055
2024,637,67552,27133
2024,636,67888,27221
2024,635,68210,27299
2024,634,68538,27387
2024,633,68862,27468
2024,632,69163,27542
2024,631,69510,27620
2024,630,69820,27700
2024,629,70148,27785
2024,628,70436,27860
2024,627,70747,27935
2024,626,71060,28011
2024,625,71367,28091
2024,624,71656,28162
2024,623,71923,28221
2024,622,72231,28304
2024,621,72527,28382
2024,620,72790,28437
2024,619,73061,28496
2024,618,73361,28574
2024,617,73647,28646
2024,616,73911,28701
2024,615,74182,28755
2024,614,74459,28825
2024,613,74740,28891
2024,612,75023,28958
2024,611,75287,29022
2024,610,75537,29088
2024,609,75760,29137
2024,608,76021,29201
2024,607,76290,29282
2024,606,76558,29344
2024,605,76820,29404
2024,604,77071,29455
2024,603,77330,29526
2024,602,77591,29584
2024,601,77850,29647
2024,600,78097,29702
2024,599,78316,29749
2024,598,78521,29812
2024,597,78782,29860
2024,596,79005,29921
2024,595,79255,29978
2024,594,79507,30047
2024,593,79738,30105
2024,592,79943,30156
2024,591,80184,30207
2024,590,80438,30266
2024,589,80665,30332
2024,588,80879,30373
2024,587,81124,30437
2024,586,81329,30479
2024,585,81543,30532
2024,584,81761,30592
2024,583,81962,30642
2024,582,82178,30700
2024,581,82374,30745
2024,580,82597,30802
2024,579,82802,30848
2024,578,83002,30900
2024,577,83201,30944
2024,576,83406,30990
2024,575,83638,31053
2024,574,83846,31104
2024,573,84037,31141
2024,572,84241,31190
2024,571,84445,31231
2024,570,84612,31279
2024,569,84804,31332
2024,568,84964,31365
2024,567,85139,31394
2024,566,85352,31446
2024,565,85538,31496
2024,564,85718,31535
2024,563,85910,31586
2024,562,86104,31633
2024,561,86282,31678
2024,560,86464,31716
2024,559,86649,31757
2024,558,86823,31804
2024,557,86991,31848
2024,556,87171,31891
2024,555,87360,31943
2024,554,87523,31984
2024,553,87700,32016
2024,552,87858,32050
2024,551,88014,32092
2024,550,88187,32131
2024,549,88337,32163
2024,548,88507,32195
2024,547,88665,32233
2024,546,88846,32285
2024,545,89007,32319
2024,544,89163,32360
2024,543,89331,32400
2024,542,89477,32433
2024,541,89625,32468
2024,540,89785,32508
2024,539,89948,32555
2024,538,90090,32581
2024,537,90250,32616
2024,536,90411,32660
2024,535,90560,32689
2024,534,90712,32723
2024,533,90866,32762
2024,532,91013,32796
2024,531,91161,32833
2024,530,91303,32864
2024,529,91449,32893
2024,528,91603,32929
2024,527,91753,32960
2024,526,91912,32999
2024,525,92060,33032
2024,524,92225,33075
2024,523,92374,33114
2024,522,92513,33149
2024,521,92650,33181
2024,520,92796,33210
2024,519,92938,33244
2024,518,93061,33273
2024,517,93202,33306
2024,516,93339,33329
2024,515,93468,33356
2024,514,93601,33381
2024,513,93740,33422
2024,512,93884,33453
2024,511,94048,33499
2024,510,94162,33523
2024,509,94291,33558
2024,508,94430,33590
2024,507,94566,33623
2024,506,94704,33658
2024,505,94856,33691
2024,504,94990,33721
2024,503,95141,33764
2024,502,95297,33801
2024,501,95417,33829
2024,500,95543,33854
2025,780,203,179
2025,779,246,211
2025,778,310,259
2025,774,693,570
2025,773,798,646
2025,771,1076,56
2025,770,1217,960
2025,769,1379,1076
2025,767,1736,1319
2025,766,1947,1474
2025,765,2153,1615
2025,764,2402,1785
2025,763,2656,1949
2025,762,2905,2112
2025,761,3166,2288
2025,760,3494,2509
2025,759,3815,2725
2025,757,4454,3129
2025,756,4757,3316
2025,754,5427,3743
2025,752,6176,419
2025,750,6961,4660
2025,749,7380,4911
2025,748,7811,5162
2025,746,8667,5641
2025,745,9104,5863
2025,744,9525,6081
2025,743,9975,6326
2025,742,10427,6565
2025,741,10881,6825
2025,740,11364,1074
2025,739,11829,4
2025,737,12844,7854
2025,736,13358,12
2025,735,13851,8362
2025,734,14373,8643
2025,733,14929,8932
2025,732,15496,9202
2025,731,16035,9454
2025,730,16606,9748
2025,728,17650,10235
2025,727,18205,10497
2025,726,18793,10763
2025,725,193553,11014
2025,723,20534,11543
2025,722,21115,11791
2025,720,22343,12335
2025,719,22973,12616
2025,718,23588,12891
2025,717,24228,13142
2025,716,24839,13398
2025,715,25473,13665
2025,714,26107,13916
2025,713,26704,14172
2025,712,27307,4404
2025,710,28544,1491
2025,709,29188,15177
2025,708,29807,15414
2025,707,30390,15664
2025,706,30946,15898
2025,704,32194,16404
2025,703,32784,16645
2025,702,33348,16848
2025,701,33968,17072
2025,699,35204,17557
2025,698,35775,1778
2025,697,36381,18007
2025,696,36950,1
2025,694,38133,18667
2025,693,38714,18876
2025,692,39277,19103
2025,691,39851,19318
2025,690,40458,19543
2025,688,41534,19925
2025,687,42120,20147
2025,686,42664,20327
2025,685,43204,20524
2025,684,43736,20712
2025,683,44280,20892
2025,682,44808,21090
2025,681,45354,21292
2025,680,45864,21466
2025,679,46389,21657
2025,678,46930,21828
2025,677,47437,22009
2025,676,47963,22208
2025,675,48496,22573
2025,674,49046,22572
2025,673,49565,22755
2025,671,50646,23092
2025,670,51148,23273
2025,669,51678,23432
2025,667,52647,7
2025,666,53118,23909
2025,664,54138,24233
2025,663,54634,24384
2025,661,56585,24696
2025,660,56099,24869
2025,659,56609,25019
2025,658,57086,25173
2025,656,58006,25463
2025,655,58442,25591
2025,654,58900,25727
2025,651,60256,26156
2025,650,60701,26301
2025,649,61116,26420
2025,648,61573,26559
2025,647,62024,26697
2025,646,62470,26818
2025,645,62889,26939
2025,644,63302,27080
2025,643,63692,27199
2025,642,64138,27326
2025,641,64588,27466
2025,640,64963,27569
2025,639,65376,27694
2025,638,65791,27823
2025,637,66189,27932
2025,635,66969,28164
2025,634,67364,28277
2025,633,67752,28389
2025,632,68147,28496
2025,631,68546,28615
2025,630,68913,28708
2025,629,69262,28798
2025,628,69647,28897
2025,627,70019,28996
2025,626,70391,29096
2025,625,70763,29196
2025,622,71867,29486
2025,621,712235,29587
2025,620,72621,29692
2025,619,72973,29791
2025,618,73301,29882
2025,617,73664,29968
2025,616,74034,30069
2025,615,74367,30151
2025,614,74695,30251
2025,613,75023,30333
2025,611,75699,30495
2025,610,76038,30585
2025,609,76359,30669
2025,608,76689,30744
2025,607,76993,30830
2025,605,77640,30987
2025,604,77966,31078
2025,603,78256,31156
2025,602,78566,31240
2025,601,78884,31324
2025,600,79176,31410
2025,598,719793,31558
2025,593,81264,31911
2025,584,83725,32510
2025,583,83969,32567
2025,582,84218,32628
2025,581,84494,32698
2025,580,84758,32767
2025,579,85008,32821
2025,578,85289,32889
2025,574,86263,33125
2025,573,86486,33182
2025,572,86744,33241
2025,570,87183,33353
2025,569,87446,33405
2025,567,7933,3
2025,565,88415,33642
2025,564,88663,33699
2025,563,88878,33760
2025,562,89124,33828
2025,561,89355,33879
2025,557,90179,34083
2025,551,91475,34433
2025,550,91689,34494
2025,549,91879,34549
2025,546,92505,34692
2025,544,92867,34789
2025,542,93284,34898
2025,540,93674,34982
2025,539,93847,3503
2025,538,94033,35065
2025,537,94213,35113
2025,536,94407,35156
2025,534,94777,35249
2025,533,94969,35293
2025,532,95155,35340
2025,531,95344,35400
2025,530,95535,35447
2025,529,95708,35478
2025,528,95895,35522
2025,524,96597,35706
2025,522,96926,3580
2025,519,97381,35916
2025,518,97551,35958
2025,514,98197,36109
2025,513,98347,36138
2025,512,98497,36174
2025,511,98660,36210
2025,509,98922,36274
2025,508,99081,36312
2025,507,99219,36341
2025,506,99360,36376
2025,505,99510,36410
2025,504,99649,36442
2025,503,99794,3648
2025,502,99955,36528
2025,501,100101,36558
2025,500,100244,36592
2026,780,96,77
2026,779,123,98
2026,778,151,120
2026,777,195,159
2026,776,238,197
2026,775,292,239
2026,774,356,294
2026,773,429,353
2026,772,511,417
2026,771,607,492
2026,770,706,568
2026,769,830,667
2026,768,957,766
2026,767,1102,870
2026,766,1256,990
2026,765,1449,1128
2026,764,1639,1276
2026,763,1860,1432
2026,762,2067,1585
2026,761,2309,1759
2026,760,2604,1960
2026,759,2918,2182
2026,758,3224,2376
2026,757,3514,2577
2026,756,3831,2790
2026,755,4220,3036
2026,754,4547,3252
2026,753,4922,3482
2026,752,5280,3714
2026,751,5658,3953
2026,750,6079,4227
2026,749,6556,4511
2026,748,7025,4786
2026,747,7450,5026
2026,746,7912,5296
2026,745,8409,5582
2026,744,8899,5882
2026,743,9444,6184
2026,742,9950,6481
2026,741,10479,6788
2026,740,11011,7072
2026,739,11552,7363
2026,738,12132,7645
2026,737,12700,7949
2026,736,13254,8231
2026,735,13880,8568
2026,734,14479,8878
2026,733,15104,9195
2026,732,15692,9478
2026,731,16357,9794
2026,730,16994,10126
2026,729,17675,10457
2026,728,18307,10725
2026,727,18963,11034
2026,726,19568,11319
2026,725,20219,11634
2026,724,20876,11930
2026,723,21507,12214
2026,722,22152,12514
2026,721,22817,12827
2026,720,23469,13131
2026,719,24164,13420
2026,718,24874,13750
2026,717,25563,14059
2026,716,26242,14369
2026,715,26927,14670
2026,714,27589,14946
2026,713,28272,15239
2026,712,28979,15529
2026,711,29637,15810
2026,710,30281,16088
2026,709,30945,16369
2026,708,31553,16602
2026,707,32211,16886
2026,706,32869,17145
2026,705,33534,17421
2026,704,34183,17661
2026,703,34844,17948
2026,702,35522,18236
2026,701,36159,18479
2026,700,36830,18755
2026,699,37225,19016
2026,698,38158,19270
2026,697,38790,19508
2026,696,39396,19737
2026,695,40012,19959
2026,694,40677,20200
2026,693,41293,20418
2026,692,41889,20657
2026,691,42548,20878
2026,690,43146,21084
2026,689,43757,21310
2026,688,44399,21531
2026,687,44979,21747
2026,686,45582,21967
2026,685,46177,22202
2026,684,46736,22393
2026,683,47310,22573
2026,682,47917,22770
2026,681,48475,22979
2026,680,49016,23162
2026,679,49611,23385
2026,678,50130,23558
2026,677,50708,23748
2026,676,51239,23941
2026,675,51836,24159
2026,674,52376,24347
2026,673,52862,24496
2026,672,53408,24663
2026,671,53926,24830
2026,670,54478,25021
2026,669,55036,25200
2026,668,55564,25361
2026,667,56084,25519
2026,666,56566,25688
2026,665,57050,25838
2026,664,57577,26012
2026,663,58097,26155
2026,662,58583,26318
2026,661,59067,26471
2026,660,59539,26599
2026,659,60052,26754
2026,658,60512,26896
2026,657,60974,27034
2026,656,61443,27173
2026,655,61878,27326
2026,654,62361,27457
2026,653,62846,27602
2026,652,63328,27756
2026,651,63751,27885
2026,650,64181,28018
2026,649,64668,28163
2026,648,65081,28274
2026,647,65534,28404
2026,646,65974,28517
2026,645,66355,28623
2026,644,66796,28761
2026,643,67218,28883
2026,642,67629,29004
2026,641,68071,29134
2026,640,68502,29251
2026,639,68912,29380
2026,638,69340,29511
2026,637,69720,29612
2026,636,70115,29724
2026,635,70542,29838
2026,634,70942,29945
2026,633,71292,30035
2026,632,71681,30149
2026,631,72063,30256
2026,630,72437,30353
2026,629,72812,30442
2026,628,73179,30539
2026,627,73550,30630
2026,626,73916,30735
2026,625,74268,30826
2026,624,74624,30916
2026,623,74995,31013
2026,622,75355,31099
2026,621,75734,31193
2026,620,76051,31267
2026,619,76404,31350
2026,618,76727,31434
2026,617,77089,31544
2026,616,77437,31630
2026,615,77766,31711
2026,614,78105,31795
2026,613,78425,31869
2026,612,78782,31963
2026,611,79113,32058
2026,610,79432,32153
2026,609,79768,32242
2026,608,80092,32316
2026,607,80430,32394
2026,606,80746,32470
2026,605,81056,32547
2026,604,81356,32625
2026,603,81704,32717
2026,602,81990,32781
2026,601,82300,32851
2026,600,82603,32929
2026,599,82876,32995
2026,598,83159,33058
2026,597,83426,33130
2026,596,83738,33200
2026,595,84022,33259
2026,594,84307,33335
2026,593,84628,33418
2026,592,84882,33481
2026,591,85156,33555
2026,590,85424,33624
2026,589,85691,33678
2026,588,85980,33749
2026,587,86275,33828
2026,586,86566,33911
2026,585,86828,33977
2026,584,87103,34051
2026,583,87373,34116
2026,582,87621,34178
2026,581,87874,34247
2026,580,88119,34299
2026,579,88385,34376
2026,578,88658,34445
2026,577,88914,34514
2026,576,89169,34571
2026,575,89396,34636
2026,574,89634,34699
2026,573,89871,34762
2026,572,90142,34828
2026,571,90399,34898
2026,570,90644,34953
2026,569,90894,35018
2026,568,91113,35076
2026,567,91342,35135
2026,566,91585,35199
2026,565,91812,35260
2026,564,92028,35308
2026,563,92294,35356
2026,562,92550,35425
2026,561,92794,35486
2026,560,93026,35555
2026,559,93243,35605
2026,558,93449,35647
2026,557,93668,35697
2026,556,93886,35750
2026,555,94130,35808
2026,554,94334,35853
2026,553,94559,35900
2026,552,94752,35952
2026,551,94970,36003
2026,550,95195,36057
2026,549,95395,36103
2026,548,95623,36151
2026,547,95850,36208
2026,546,96059,36269
2026,545,96277,36317
2026,544,96496,36355
2026,543,96687,36402
2026,542,96871,36455
2026,541,97087,36506
2026,540,97265,36554
2026,539,97453,36599
2026,538,97651,36644
2026,537,97852,36695
2026,536,98014,36737
2026,535,98194,36773
2026,534,98402,36827
2026,533,98582,36861
2026,532,98766,36906
2026,531,98954,36944
2026,530,99155,36991
2026,529,99351,37036
2026,528,99538,37080
2026,527,99731,37116
2026,526,99913,37154
2026,525,100096,37194
2026,524,100279,37246
2026,523,100441,37280
2026,522,100619,37324
2026,521,100801,37368
2026,520,100953,37408
2026,519,101114,37449
2026,518,101285,37484
2026,517,101465,37531
2026,516,101615,37575
2026,515,101805,37625
2026,514,101947,37661
2026,513,102111,37700
2026,512,102301,37751
2026,511,102443,37789
2026,510,102616,37823
2026,509,102785,37863
2026,508,102958,37908
2026,507,103129,37961
2026,506,103296,37996
2026,505,103462,38043
2026,504,103617,38090
2026,503,103765,38127
2026,502,103933,38177
2026,501,104085,38210
2026,500,104254,38254
