学校,行政区,属性,纬度WGS84,经度WGS84,2023录取分,2023位次,2024录取分,2024位次,2025录取分,2025位次
天津一中,和平区,市属,39.1127941,117.1883652,769.5,1477,772.25,1283,768.9,1088
耀华中学,和平区,市属,39.1180772,117.1940022,764.25,2682,768.25,2320,762.8,1982
第二十中学,和平区,区属,39.1135415,117.2072324,755.0,6100,760.75,5391,753.0,3962
第二南开中学,和平区,区属,39.1267514,117.17648,747.45,9227,754.75,8354,746.7,5472
第五十五中学,和平区,区属,39.1132831,117.175431,736.25,15065,747.5,12495,737.5,7732
双菱中学,和平区,民办,39.1201783,117.2012284,729.45,18773,743.25,14913,730.8,9513
第二十一中学,和平区,区属,39.1031973,117.1863043,722.0,23234,736.25,19454,726.15,18205
汇文中学,和平区,区属,39.1210806,117.1833546,718.0,25465,730.6,23166,722.25,20534
益中学校,和平区,民办,39.1028954,117.177104,716.4,26048,729.5,23777,716.05,24228
建华中学,和平区,民办,39.1219124,117.1796862,698.15,35751,711.45,34431,707.65,29807
嘉诚中学,和平区,民办,39.1466855,117.2107218,694.75,38265,704.75,38389,695.73,36950
新华中学,河西区,市属,39.1097957,117.2057589,760.0,4258,764.55,3638,758.25,2884
实验中学,河西区,市属,39.0973701,117.1846561,757.0,5350,762.5,4481,755.15,3491
第四中学,河西区,区属,39.0787207,117.2236638,751.5,7399,758.0,6821,747.9,5186
第四十一中学,河西区,区属,39.103368,117.1941674,710.5,29286,721.25,28651,708.5,15296
海河中学,河西区,区属,39.110849,117.2181663,738.4,14016,748.5,11869,735.75,8181
北师大天津附中,河西区,区属,39.0703765,117.2629592,714.5,27138,723.5,27435,714.25,13853
微山路中学,河西区,区属,39.0592451,117.2568084,693.25,38747,706.25,37271,695.15,18407
梅江中学,河西区,区属,39.0692718,117.2001941,678.25,45730,692.75,44664,683.0,20892
梧桐中学,河西区,区属,39.0570934,117.2134216,710.7,29286,721.8,28651,711.7,14482
第二新华中学,河西区,区属,39.038324,117.2480789,748.25,8763,754.74,8354,746.5,5521
第四十二中学,河西区,区属,39.093869,117.2199361,745.0,11049,752.5,9492,742.0,10427
觉民中学,河西区,区属,39.0947681,117.2128466,706.75,31490,733.75,21311,724.9,19663
卓越中学,河西区,区属,39.0800651,117.2209909,698.0,36263,716.31,31549,706.35,30390
景海道中学,河西区,区属,39.063276,117.237112,,,,,,
培杰中学,河西区,民办,39.0731968,117.2648101,667.25,50295,672.3,53958,649.25,60701
自立中学,河西区,民办,39.0952925,117.2132824,666.85,50702,644.05,64801,642.6,63692
南开翔宇学校,河西区,民办,39.0431075,117.2241882,703.0,33668,710.75,35016,704.25,30946
天明高级中学,河西区,民办,39.052,117.248,,,,,666.65,52647
华兰萨顿高级中学,河西区,民办,39.0775429,117.2109589,,,,,472.8,100244
明德致远高级中学,河西区,民办,39.092108,117.2204416,,,,,519.9,96926
南开中学,南开区,市属,39.1305977,117.1649425,767.65,1917,770.75,1789,766.09,1460
天津中学,南开区,市属,39.083043,117.124362,731.65,17731,739.95,17508,730.25,9675
南大附中,南开区,区属,39.1116288,117.1477168,735.25,15577,745.35,13690,729.0,9973
天大附中,南开区,区属,39.1035523,117.1665262,707.8,30927,718.81,30390,707.2,15614
崇化中学,南开区,区属,39.1425332,117.1721059,718.3,24885,730.73,23166,718.05,12877
第二十五中学,南开区,区属,39.1237285,117.1573625,714.7,27138,726.0,26226,715.25,13598
育红中学,南开区,区属,39.125,117.171,673.15,47815,686.9,47566,673.05,49046
津英中学,南开区,民办,39.1372952,117.1299026,630.5,63509,645.9,64427,651.9,58900
第四十三中学,南开区,区属,39.1377368,117.1332137,699.25,35272,707.65,36725,695.5,36950
第九中学,南开区,区属,39.072867,117.1559714,684.0,43519,696.1,42668,679.7,45864
第六十三中学,南开区,区属,39.103216,117.1301027,,,,,,
天津师范大学南开附属中学,南开区,区属,39.1215,117.1245,,,,,,
南开翔宇学校,南开区,民办,39.133,117.1377,700.5,34730,709.0,36143,703.0,32784
南开日新学校,南开区,民办,39.0856,117.1431,,,759.8,5863,760.75,3166
美达菲学校,南开区,民办,39.1253593,117.1154405,661.69,52685,695.8,43170,692.8,38714
第七中学,河东区,区属,39.1276573,117.232232,734.25,16143,741.2,16243,734.15,8601
第四十五中学,河东区,区属,39.1028566,117.2643649,719.5,24348,732.31,21907,720.05,12322
第一〇二中学,河东区,区属,39.1360207,117.239022,706.5,31490,719.0,30390,709.7,14991
第五十四中学,河东区,区属,39.1131772,117.2274031,686.55,42165,697.0,42668,686.75,20192
第三十二中学,河东区,区属,39.1416718,117.1993958,661.2,52685,676.0,52642,660.75,56585
第八十二中学,河东区,区属,39.1068395,117.2422806,645.6,58931,662.25,58143,648.4,61116
第八中学,河东区,区属,39.1484083,117.2787262,630.25,63509,650.2,62609,641.25,64138
第九十八中学,河东区,区属,39.1108839,117.2535205,614.15,67972,632.75,68862,626.65,70019
华英中学,河东区,民办,39.1073,117.2519,,,,,669.8,51148
求真中学,河东区,民办,39.1471162,117.2264332,595.25,72807,601.8,77591,599.35,79176
第二中学,河北区,区属,39.1525676,117.2038422,727.6,19923,738.1,18130,730.5,9601
第十四中学,河北区,区属,39.1642369,117.2144959,694.25,38265,707.65,36725,698.75,17613
第五十七中学,河北区,区属,39.1586625,117.1989072,672.45,48276,689.25,46136,677.5,21919
木斋中学,河北区,区属,39.1509977,117.1910495,626.35,64687,644.65,64801,638.75,27726
教育科学研究院附属河北中学,河北区,区属,39.1574,117.2224,652.22,56299,669.39,55220,655.05,58006
美术中学,河北区,区属,39.1576123,117.1837738,,,,,,
外国语大学附属河北外国语中学,河北区,区属,39.152,117.188,,,710.9,35016,738.75,11829
扶轮中学,河北区,区属,39.158,117.19,659.25,53796,678.15,51272,668.6,51678
红光中学,河北区,区属,39.1699222,117.216673,,,,,711.65,27307
博文中学,河北区,民办,39.158421,117.2466391,592.05,73504,570.5,84445,593.95,79773
意斯特艺术高级中学,河北区,民办,39.1541,117.207,,,,,,
第三中学,红桥区,区属,39.1829342,117.1504713,716.0,26613,725.25,26226,713.2,14121
第五中学,红桥区,区属,39.15739,117.1258746,703.75,33153,715.45,32112,702.75,16696
民族中学,红桥区,区属,39.1522743,117.142644,689.75,40761,700.35,40547,690.5,19431
第五十一中学,红桥区,区属,39.1456631,117.1528069,658.85,54161,,,660.8,56585
新华中学和苑学校,红桥区,区属,39.1553,117.1033,,,,,707.85,29807
耀华中学红桥学校,红桥区,区属,39.1433436,117.1417815,733.7,16669,744.75,14277,728.1,16606
河北工业大学附属实验学校,红桥区,区属,39.1761,117.1684,627.25,64383,643.45,65153,639.0,65376
铃铛阁外国语中学,红桥区,区属,39.148852,117.1538453,,,,,,
河北工业大学附属红桥中学,红桥区,区属,39.1699713,117.1652959,658.85,54161,674.8,53082,,
复兴中学,红桥区,区属,39.1486,117.1582,667.8,50295,684.95,48490,671.15,49565
天骄高级中学,红桥区,民办,39.1533661,117.1151999,584.77,75268,576.75,83201,537.6,94033
海教园南开学校,海教园,区属,39.0076697,117.3324601,666.6,50702,677.0,52177,662.6,54634
